diff,word
A1,improve
A1,potato
A1,night
A1,large
A1,come
A1,same
A1,five
A1,dialogue
A1,hello
A1,excited
A1,daughter
A1,artist
A1,meet
A1,get
A1,send
A1,egg
A1,find
A1,product
A1,road
A1,description
A1,favorite
A1,ice
A1,mom
A1,love
A1,boot
A1,eight
A1,bicycle
A1,pair
A1,friday
A1,photo
A1,lose
A1,saturday
A1,eighteen
A1,million
A1,agree
A1,thing
A1,popular
A1,sun
A1,down
A1,morning
A1,thank
A1,telephone
A1,meal
A1,keep
A1,plane
A1,forty
A1,style
A1,buy
A1,open
A1,november
A1,sick
A1,probably
A1,december
A1,let
A1,name
A1,important
A1,funny
A1,team
A1,twelve
A1,business
A1,four
A1,metre
A1,blue
A1,movie
A1,if
A1,beer
A1,writer
A1,detnumber
A1,chocolate
A1,player
A1,mouse
A1,shirt
A1,our
A1,clock
A1,hi
A1,work
A1,green
A1,fifth
A1,soup
A1,read
A1,wall
A1,class
A1,neighbour
A1,pencil
A1,join
A1,ok
A1,terrible
A1,explain
A1,hair
A1,game
A1,mum
A1,fantastic
A1,city
A1,fourth
A1,part
A1,stop
A1,news
A1,full
A1,band
A1,eat
A1,begin
A1,grandparent
A1,late
A1,post
A1,problem
A1,neighborhood
A1,favourite
A1,true
A1,conversation
A1,glass
A1,nose
A1,front
A1,bread
A1,natural
A1,sing
A1,foot
A1,article
A1,website
A1,october
A1,which
A1,wonderful
A1,february
A1,not
A1,people
A1,reader
A1,how
A1,clean
A1,clothes
A1,fact
A1,club
A1,off
A1,song
A1,six
A1,study
A1,add
A1,snake
A1,someone
A1,car
A1,behind
A1,thousand
A1,through
A1,everything
A1,somebody
A1,fifteen
A1,hat
A1,sixty
A1,their
A1,red
A1,then
A1,drink
A1,because
A1,room
A1,no
A1,library
A1,lesson
A1,action
A1,dictionary
A1,career
A1,nineteen
A1,tell
A1,girlfriend
A1,radio
A1,pool
A1,fourteen
A1,year
A1,dancing
A1,amazing
A1,geography
A1,near
A1,colour
A1,write
A1,jacket
A1,two
A1,choose
A1,eye
A1,opposite
A1,hour
A1,neighbor
A1,skill
A1,woman
A1,august
A1,difficult
A1,child
A1,rich
A1,juice
A1,snow
A1,salt
A1,mean
A1,life
A1,bathroom
A1,left
A1,coffee
A1,diet
A1,art
A1,cooking
A1,guess
A1,put
A1,draw
A1,oclock
A1,online
A1,angry
A1,them
A1,boat
A1,big
A1,school
A1,seventy
A1,married
A1,eleven
A1,message
A1,paper
A1,new
A1,gym
A1,oh
A1,painting
A1,language
A1,theater
A1,expensive
A1,kilometre
A1,miss
A1,singer
A1,sorry
A1,area
A1,pen
A1,information
A1,passport
A1,today
A1,apple
A1,pig
A1,always
A1,banana
A1,remember
A1,forget
A1,bird
A1,us
A1,seventeen
A1,nice
A1,him
A1,animal
A1,possible
A1,interest
A1,north
A1,design
A1,thirteen
A1,newspaper
A1,horse
A1,with
A1,something
A1,world
A1,yourself
A1,easy
A1,bed
A1,quiet
A1,boy
A1,machine
A1,cost
A1,sunday
A1,wine
A1,butter
A1,under
A1,piece
A1,sugar
A1,never
A1,baby
A1,hotel
A1,menu
A1,river
A1,me
A1,september
A1,april
A1,video
A1,hundred
A1,phone
A1,tuesday
A1,seven
A1,west
A1,dirty
A1,traffic
A1,wednesday
A1,discuss
A1,change
A1,listen
A1,bring
A1,follow
A1,what
A1,yellow
A1,grandfather
A1,partner
A1,sit
A1,she
A1,dollar
A1,guitar
A1,camera
A1,dog
A1,hey
A1,beginning
A1,yes
A1,weather
A1,tomorrow
A1,dvd
A1,classroom
A1,music
A1,history
A1,and
A1,bag
A1,usually
A1,practise
A1,elephant
A1,mother
A1,father
A1,few
A1,aunt
A1,science
A1,pepper
A1,scientist
A1,born
A1,sixteen
A1,milk
A1,cafe
A1,football
A1,computer
A1,do
A1,correct
A1,quickly
A1,imagine
A1,one
A1,until
A1,tea
A1,weekend
A1,hard
A1,carrot
A1,student
A1,teacher
A1,pretty
A1,many
A1,dangerous
A1,yeah
A1,birthday
A1,topic
A1,company
A1,garden
A1,must
A1,thanks
A1,could
A1,wear
A1,tree
A1,brown
A1,husband
A1,understand
A1,learn
A1,soon
A1,opinion
A1,town
A1,visitor
A1,why
A1,airport
A1,bad
A1,exam
A1,policeman
A1,tooth
A1,yesterday
A1,story
A1,fill
A1,theatre
A1,want
A1,hot
A1,friend
A1,anything
A1,tomato
A1,salad
A1,early
A1,than
A1,decide
A1,activity
A1,cheese
A1,programme
A1,window
A1,evening
A1,much
A1,lion
A1,space
A1,relax
A1,paragraph
A1,grandmother
A1,i
A1,june
A1,ago
A1,thursday
A1,tennis
A1,he
A1,body
A1,across
A1,an
A1,each
A1,police
A1,walk
A1,floor
A1,flight
A1,situation
A1,include
A1,writing
A1,healthy
A1,restaurant
A1,hungry
A1,twenty
A1,reason
A1,person
A1,homework
A1,both
A1,test
A1,below
A1,cup
A1,sad
A1,worker
A1,arrive
A1,toilet
A1,member
A1,spend
A1,east
A1,laugh
A1,doctor
A1,goodbye
A1,ever
A1,would
A1,delicious
A1,personal
A1,july
A1,event
A1,list
A1,up
A1,air
A1,bored
A1,actor
A1,quick
A1,meter
A1,play
A1,every
A1,period
A1,around
A1,color
A1,everyone
A1,useful
A1,nobody
A1,over
A1,happen
A1,who
A1,build
A1,enjoy
A1,fruit
A1,ticket
A1,ball
A1,know
A1,lot
A1,happy
A1,skirt
A1,prefer
A1,special
A1,email
A1,shop
A1,else
A1,chicken
A1,son
A1,thirsty
A1,cat
A1,girl
A1,course
A1,believe
A1,health
A1,fifty
A1,often
A1,beach
A1,order
A1,my
A1,everybody
A1,letter
A1,exciting
A1,at
A1,your
A1,help
A1,take
A1,tired
A1,lunch
A1,watch
A1,blonde
A1,gray
A1,ready
A1,answer
A1,teach
A1,ten
A1,waiter
A1,teenager
A1,hobby
A1,be
A1,january
A1,of
A1,twice
A1,think
A1,cake
A1,hear
A1,tshirt
A1,phrase
A1,reading
A1,end
A1,tall
A1,give
A1,bath
A1,dinner
A1,its
A1,station
A1,difference
A1,umbrella
A1,monday
A1,island
A1,where
A1,small
A1,tv
A1,box
A1,afraid
A1,euro
A1,television
A1,compare
A1,bike
A1,together
A1,interview
A1,really
A1,meaning
A1,dress
A1,boring
A1,quite
A1,park
A1,visit
A1,door
A1,above
A1,nine
A1,here
A1,again
A1,onion
A1,month
A1,paint
A1,sandwich
A1,similar
A1,short
A1,vegetable
A1,sister
A1,desk
A1,statement
A1,sometimes
A1,mountain
A1,exercise
A1,nothing
A1,so
A1,on
A1,family
A1,nurse
A1,driver
A1,sheep
A1,bus
A1,winter
A1,shoe
A1,without
A1,only
A1,enough
A1,in
A1,piano
A1,form
A1,there
A1,university
A1,group
A1,building
A1,college
A1,common
A1,perfect
A1,when
A1,create
A1,orange
A1,kitchen
A1,food
A1,brother
A1,from
A1,street
A1,busy
A1,internet
A1,old
A1,week
A1,capital
A1,success
A1,hospital
A1,grow
A1,actress
A1,interesting
A1,advice
A1,strong
A1,travel
A1,modern
A1,main
A1,office
A1,pound
A1,interested
A1,money
A1,rice
A1,wake
A1,see
A1,jeans
A1,out
A1,black
A1,rain
A1,die
A1,idea
A1,also
A1,section
A1,cannot
A1,afternoon
A1,become
A1,dish
A1,into
A1,supermarket
A1,cinema
A1,bottle
A1,museum
A1,beautiful
A1,a
A1,ask
A1,uncle
A1,should
A1,most
A1,flower
A1,they
A1,poor
A1,her
A1,meeting
A1,parent
A1,spelling
A1,leg
A1,wife
A1,trousers
A1,meat
A1,magazine
A1,match
A1,feeling
A1,man
A1,cousin
A1,customer
A1,blond
A1,introduce
A1,maybe
A1,word
A1,too
A1,farmer
A1,ear
A1,turn
A1,tourist
A1,day
A1,pink
A1,quarter
A1,sweater
A1,break
A1,complete
A1,anyone
A1,white
A1,adj
A1,we
A1,call
A1,culture
A1,ninety
A1,other
A1,moment
A1,concert
A1,return
A1,taxi
A1,card
A1,job
A1,plan
A1,party
A1,breakfast
A1,prepare
A1,bedroom
A1,coat
A1,dancer
A1,apartment
A1,shower
A1,dad
A1,example
A1,bye
A1,during
A1,or
A1,false
A1,dance
A1,famous
A1,three
A1,tonight
A1,page
A1,shopping
A1,describe
A1,festival
A1,vacation
A1,friendly
A1,thirty
A1,sport
A1,you
A1,carry
A1,fast
A1,boyfriend
A1,cold
A1,mouth
A1,practice
A1,summer
A1,country
A1,about
A1,eighty
A1,however
A1,cow
A1,some
A1,another
A1,away
A1,south
A1,grey
A1,mile
A2,washing
A2,recognize
A2,careful
A2,rest
A2,lend
A2,exist
A2,organize
A2,fair
A2,invite
A2,rude
A2,start
A2,kill
A2,expression
A2,department
A2,fall
A2,serious
A2,fly
A2,scary
A2,predict
A2,working
A2,tradition
A2,included
A2,technology
A2,accident
A2,ability
A2,invitation
A2,gate
A2,marry
A2,reception
A2,dream
A2,recipe
A2,stay
A2,scared
A2,symbol
A2,less
A2,elevator
A2,achieve
A2,earth
A2,towel
A2,analyze
A2,fashion
A2,informal
A2,tool
A2,peace
A2,recording
A2,disease
A2,speech
A2,training
A2,actually
A2,almost
A2,fight
A2,based
A2,book
A2,although
A2,organization
A2,cigarette
A2,pay
A2,cycle
A2,united
A2,media
A2,connect
A2,degree
A2,succeed
A2,option
A2,passenger
A2,pet
A2,profile
A2,brilliant
A2,nervous
A2,research
A2,hit
A2,instructor
A2,lock
A2,century
A2,thought
A2,awful
A2,physics
A2,instead
A2,user
A2,wedding
A2,employer
A2,stair
A2,enter
A2,blood
A2,pleased
A2,pub
A2,cookie
A2,may
A2,network
A2,spoon
A2,successful
A2,helpful
A2,billion
A2,frog
A2,incredible
A2,noise
A2,government
A2,final
A2,size
A2,environment
A2,badly
A2,single
A2,arrange
A2,lawyer
A2,after
A2,bright
A2,steal
A2,male
A2,pain
A2,oven
A2,international
A2,receive
A2,unhappy
A2,identify
A2,industry
A2,introduction
A2,tower
A2,surprised
A2,coast
A2,respond
A2,smoking
A2,among
A2,crime
A2,charity
A2,suggest
A2,fan
A2,war
A2,fish
A2,speaker
A2,jam
A2,surprising
A2,dear
A2,factor
A2,metal
A2,palace
A2,behavior
A2,crazy
A2,leader
A2,field
A2,explanation
A2,broken
A2,jewelry
A2,behave
A2,completely
A2,scene
A2,especially
A2,bit
A2,certain
A2,fork
A2,allow
A2,female
A2,heat
A2,smartphone
A2,law
A2,serve
A2,square
A2,normally
A2,jewellery
A2,check
A2,injury
A2,complain
A2,employ
A2,insect
A2,advertisement
A2,case
A2,service
A2,continue
A2,invention
A2,runner
A2,stress
A2,corner
A2,wish
A2,virus
A2,guy
A2,onto
A2,circle
A2,owner
A2,wide
A2,remove
A2,lifestyle
A2,light
A2,sadly
A2,wait
A2,heart
A2,such
A2,increase
A2,illness
A2,differently
A2,baseball
A2,sure
A2,support
A2,tie
A2,petrol
A2,direction
A2,brush
A2,lady
A2,suppose
A2,discussion
A2,tourism
A2,curly
A2,printer
A2,lake
A2,strange
A2,involve
A2,fail
A2,ah
A2,accept
A2,own
A2,chat
A2,employee
A2,collect
A2,discovery
A2,myself
A2,refuse
A2,carpet
A2,device
A2,spider
A2,wash
A2,invent
A2,stupid
A2,planet
A2,teaching
A2,camping
A2,his
A2,develop
A2,dark
A2,lorry
A2,good
A2,firstly
A2,sneaker
A2,including
A2,gallery
A2,jazz
A2,neck
A2,businessman
A2,herself
A2,classical
A2,king
A2,relationship
A2,general
A2,reporter
A2,quality
A2,architecture
A2,to
A2,lemon
A2,population
A2,traditional
A2,loud
A2,listener
A2,author
A2,ill
A2,likely
A2,fiction
A2,route
A2,compete
A2,themselves
A2,weight
A2,lift
A2,regular
A2,attack
A2,argue
A2,advantage
A2,simple
A2,right
A2,asleep
A2,provide
A2,mirror
A2,cartoon
A2,plant
A2,recommend
A2,wow
A2,typical
A2,excellent
A2,salary
A2,hope
A2,refer
A2,closet
A2,cook
A2,wheel
A2,suggestion
A2,ankle
A2,electric
A2,later
A2,report
A2,professor
A2,wet
A2,solve
A2,chance
A2,advertising
A2,queen
A2,voice
A2,before
A2,cross
A2,recycle
A2,village
A2,refrigerator
A2,appear
A2,joke
A2,traveller
A2,anywhere
A2,usual
A2,hockey
A2,exactly
A2,stone
A2,tablet
A2,promise
A2,surprise
A2,medicine
A2,learning
A2,shoulder
A2,any
A2,equipment
A2,gun
A2,furniture
A2,dentist
A2,easily
A2,poster
A2,sir
A2,star
A2,all
A2,flying
A2,third
A2,researcher
A2,unusual
A2,certainly
A2,railroad
A2,soft
A2,whose
A2,silver
A2,alive
A2,penny
A2,film
A2,react
A2,continent
A2,thick
A2,prize
A2,conference
A2,disappear
A2,discover
A2,belong
A2,realize
A2,expect
A2,first
A2,background
A2,soldier
A2,chef
A2,copy
A2,holiday
A2,knee
A2,second
A2,communicate
A2,app
A2,huge
A2,hall
A2,opportunity
A2,lazy
A2,athlete
A2,safe
A2,biology
A2,public
A2,plate
A2,ride
A2,assistant
A2,flu
A2,seem
A2,toward
A2,percent
A2,data
A2,adventure
A2,lab
A2,effect
A2,earn
A2,against
A2,nearly
A2,garbage
A2,control
A2,boss
A2,celebrate
A2,necessary
A2,correctly
A2,shout
A2,truck
A2,choice
A2,musician
A2,link
A2,skin
A2,contain
A2,wood
A2,vehicle
A2,replace
A2,human
A2,temperature
A2,straight
A2,either
A2,sky
A2,everyday
A2,thin
A2,farming
A2,electronic
A2,towards
A2,director
A2,smell
A2,present
A2,disagree
A2,between
A2,sweet
A2,pilot
A2,publish
A2,expert
A2,farm
A2,independent
A2,missing
A2,yours
A2,comedy
A2,middle
A2,run
A2,uniform
A2,recently
A2,ground
A2,mark
A2,bridge
A2,education
A2,fortunately
A2,extremely
A2,unit
A2,biscuit
A2,item
A2,pollution
A2,candy
A2,brain
A2,avoid
A2,dead
A2,fridge
A2,platform
A2,medical
A2,ancient
A2,danger
A2,weak
A2,destroy
A2,roof
A2,god
A2,bin
A2,death
A2,more
A2,none
A2,understanding
A2,carefully
A2,region
A2,beef
A2,plastic
A2,happily
A2,clothing
A2,luck
A2,possession
A2,site
A2,gift
A2,land
A2,movement
A2,specific
A2,maths
A2,please
A2,manager
A2,care
A2,underground
A2,question
A2,grass
A2,attractive
A2,nature
A2,manner
A2,drive
A2,bean
A2,camp
A2,response
A2,birth
A2,bottom
A2,protect
A2,foreign
A2,church
A2,sign
A2,behaviour
A2,society
A2,polite
A2,loudly
A2,colleague
A2,community
A2,finish
A2,available
A2,kilometer
A2,mail
A2,hole
A2,quietly
A2,kid
A2,perhaps
A2,offer
A2,series
A2,golf
A2,can
A2,character
A2,number
A2,last
A2,already
A2,drug
A2,heavy
A2,comfortable
A2,detective
A2,personality
A2,ending
A2,electricity
A2,pocket
A2,couple
A2,score
A2,task
A2,hero
A2,role
A2,habit
A2,pronounce
A2,review
A2,evidence
A2,best
A2,ordinary
A2,possibility
A2,context
A2,drama
A2,column
A2,suddenly
A2,tidy
A2,talk
A2,variety
A2,electrical
A2,stove
A2,notice
A2,home
A2,recent
A2,several
A2,toy
A2,season
A2,climate
A2,decision
A2,gap
A2,web
A2,particular
A2,solution
A2,alone
A2,least
A2,as
A2,finger
A2,perform
A2,immediately
A2,smoke
A2,belt
A2,attention
A2,worried
A2,forest
A2,consider
A2,formal
A2,error
A2,exact
A2,parking
A2,bone
A2,fun
A2,designer
A2,impossible
A2,knife
A2,rather
A2,teenage
A2,prevent
A2,have
A2,use
A2,army
A2,disaster
A2,bowl
A2,attend
A2,jump
A2,hide
A2,somewhere
A2,definitely
A2,dessert
A2,running
A2,everywhere
A2,sleep
A2,sock
A2,greet
A2,past
A2,adult
A2,anymore
A2,crowd
A2,reply
A2,pattern
A2,cent
A2,sea
A2,affect
A2,secret
A2,knowledge
A2,zero
A2,record
A2,soap
A2,thinking
A2,downstairs
A2,ourselves
A2,thief
A2,celebrity
A2,image
A2,sauce
A2,nowhere
A2,stomach
A2,cooker
A2,anyway
A2,prison
A2,guide
A2,pants
A2,fishing
A2,flat
A2,future
A2,enormous
A2,itself
A2,factory
A2,fresh
A2,half
A2,airline
A2,condition
A2,gas
A2,monkey
A2,closed
A2,arrangement
A2,instrument
A2,creative
A2,manage
A2,boil
A2,download
A2,instruction
A2,train
A2,according
A2,outside
A2,clearly
A2,headache
A2,secretary
A2,lecture
A2,winner
A2,lovely
A2,motorcycle
A2,president
A2,railway
A2,subway
A2,blank
A2,valley
A2,express
A2,matter
A2,unfortunately
A2,diary
A2,gold
A2,distance
A2,advertise
A2,borrow
A2,taste
A2,rubbish
A2,noisy
A2,oil
A2,strategy
A2,engine
A2,guest
A2,purpose
A2,photograph
A2,cause
A2,system
A2,per
A2,active
A2,fat
A2,physical
A2,mostly
A2,able
A2,journalist
A2,welcome
A2,competition
A2,lamp
A2,along
A2,argument
A2,lost
A2,slowly
A2,twin
A2,crowded
A2,apply
A2,traveler
A2,skiing
A2,divorced
A2,goal
A2,save
A2,inside
A2,math
A2,quantity
A2,dry
A2,search
A2,storm
A2,finally
A2,text
A2,mind
A2,might
A2,look
A2,lucky
A2,side
A2,stamp
A2,chip
A2,intelligent
A2,drawing
A2,digital
A2,memory
A2,method
A2,reduce
A2,trash
A2,engineer
A2,height
A2,code
A2,cash
A2,hill
A2,nut
A2,wooden
A2,chemistry
A2,ski
A2,essay
A2,moon
A2,sale
A2,wild
A2,appearance
A2,button
A2,architect
A2,source
A2,soccer
A2,anybody
A2,energy
A2,permission
A2,hers
A2,laughter
A2,audience
A2,ocean
A2,mathematics
A2,officer
A2,sheet
A2,cloud
A2,himself
A2,basketball
A2,little
A2,individual
A2,smile
A2,upstairs
A2,depend
B1,historical
B1,convince
B1,confuse
B1,ingredient
B1,gather
B1,illegal
B1,neither
B1,hang
B1,program
B1,sex
B1,version
B1,security
B1,tend
B1,advise
B1,application
B1,nor
B1,basic
B1,clause
B1,that
B1,friendship
B1,statue
B1,lead
B1,judge
B1,tight
B1,printing
B1,incredibly
B1,odd
B1,rent
B1,sort
B1,whether
B1,better
B1,upset
B1,native
B1,dirt
B1,summarize
B1,unnecessary
B1,ignore
B1,consist
B1,rope
B1,deal
B1,underwear
B1,perfectly
B1,attract
B1,award
B1,poetry
B1,ambition
B1,garage
B1,careless
B1,fasten
B1,intelligence
B1,proper
B1,improvement
B1,pack
B1,educate
B1,written
B1,chest
B1,set
B1,reaction
B1,directly
B1,treatment
B1,organized
B1,except
B1,keyboard
B1,element
B1,prove
B1,breathe
B1,channel
B1,fitness
B1,cheap
B1,glad
B1,rule
B1,soil
B1,childhood
B1,involved
B1,regularly
B1,worldwide
B1,meanwhile
B1,prisoner
B1,silent
B1,cloth
B1,warn
B1,responsibility
B1,indicate
B1,supply
B1,swim
B1,fur
B1,announce
B1,occur
B1,label
B1,face
B1,racing
B1,win
B1,breathing
B1,therefore
B1,planning
B1,nation
B1,narrative
B1,entertainment
B1,branch
B1,annoyed
B1,kind
B1,share
B1,separate
B1,totally
B1,election
B1,punishment
B1,kick
B1,path
B1,responsible
B1,dislike
B1,bury
B1,analysis
B1,talent
B1,pale
B1,currently
B1,theory
B1,alcoholic
B1,tax
B1,diagram
B1,silly
B1,prepared
B1,immediate
B1,brand
B1,occasion
B1,sudden
B1,prediction
B1,toe
B1,percentage
B1,technical
B1,operation
B1,translate
B1,destination
B1,stranger
B1,safety
B1,performance
B1,drum
B1,climb
B1,poet
B1,prince
B1,ours
B1,cool
B1,tape
B1,profession
B1,recommendation
B1,proud
B1,emotion
B1,export
B1,point
B1,slow
B1,trade
B1,further
B1,base
B1,candidate
B1,raise
B1,pressure
B1,cheat
B1,wonder
B1,connection
B1,helicopter
B1,qualification
B1,shiny
B1,transport
B1,tip
B1,slice
B1,whatever
B1,bubble
B1,live
B1,volunteer
B1,similarly
B1,convenient
B1,indirect
B1,indeed
B1,shake
B1,retired
B1,influence
B1,whenever
B1,original
B1,peaceful
B1,hate
B1,ugly
B1,forever
B1,countryside
B1,chapter
B1,valuable
B1,iron
B1,slightly
B1,rough
B1,mine
B1,liquid
B1,leather
B1,weapon
B1,force
B1,frame
B1,analyse
B1,alcohol
B1,educated
B1,equally
B1,intention
B1,client
B1,punish
B1,centre
B1,currency
B1,disadvantage
B1,spending
B1,experienced
B1,muscle
B1,claim
B1,container
B1,type
B1,eventually
B1,frozen
B1,software
B1,direct
B1,fear
B1,mild
B1,surface
B1,central
B1,graduate
B1,unemployed
B1,weigh
B1,repair
B1,historic
B1,various
B1,plenty
B1,whole
B1,sail
B1,spoken
B1,appointment
B1,contact
B1,now
B1,drunk
B1,once
B1,qualify
B1,complaint
B1,naturally
B1,need
B1,intend
B1,entry
B1,bother
B1,properly
B1,belief
B1,repeat
B1,revise
B1,block
B1,poison
B1,smart
B1,deliver
B1,possibly
B1,viewer
B1,murder
B1,within
B1,quotation
B1,apart
B1,locate
B1,explode
B1,bake
B1,advanced
B1,production
B1,script
B1,authority
B1,robot
B1,concentrate
B1,reference
B1,leading
B1,move
B1,religious
B1,bank
B1,relative
B1,freeze
B1,colored
B1,like
B1,surely
B1,annoy
B1,head
B1,previously
B1,difficulty
B1,water
B1,average
B1,flow
B1,coin
B1,hurry
B1,passion
B1,approximately
B1,annoying
B1,knock
B1,statistic
B1,translation
B1,admit
B1,basis
B1,bell
B1,update
B1,backwards
B1,cultural
B1,note
B1,unlikely
B1,clear
B1,stick
B1,push
B1,ad
B1,fixed
B1,wave
B1,agreement
B1,throughout
B1,lack
B1,consume
B1,educational
B1,ceiling
B1,commercial
B1,strongly
B1,royal
B1,warning
B1,western
B1,tiny
B1,lay
B1,leisure
B1,gentleman
B1,policy
B1,backward
B1,portrait
B1,entertain
B1,spring
B1,identity
B1,protest
B1,comparison
B1,property
B1,grain
B1,explore
B1,confused
B1,still
B1,flag
B1,heating
B1,till
B1,pull
B1,indoors
B1,employment
B1,go
B1,attitude
B1,cheerful
B1,sand
B1,politician
B1,champion
B1,empty
B1,generous
B1,horrible
B1,embarrassed
B1,growth
B1,spicy
B1,queue
B1,entrance
B1,studio
B1,it
B1,rare
B1,tube
B1,folk
B1,promote
B1,age
B1,fashionable
B1,editor
B1,location
B1,next
B1,specifically
B1,typically
B1,confident
B1,count
B1,unless
B1,originally
B1,board
B1,ought
B1,hardly
B1,port
B1,highlight
B1,engaged
B1,definite
B1,tail
B1,will
B1,setting
B1,guard
B1,coal
B1,quit
B1,staff
B1,economy
B1,frightened
B1,survive
B1,commit
B1,cream
B1,excitement
B1,investigate
B1,magic
B1,despite
B1,fighting
B1,expand
B1,violent
B1,simply
B1,marketing
B1,particularly
B1,admire
B1,photographer
B1,beauty
B1,secondary
B1,mixture
B1,obvious
B1,expected
B1,glove
B1,row
B1,powder
B1,impression
B1,producer
B1,trend
B1,race
B1,wool
B1,conclude
B1,extra
B1,northern
B1,suit
B1,grateful
B1,upon
B1,require
B1,shell
B1,imaginary
B1,located
B1,sexual
B1,assist
B1,key
B1,pass
B1,string
B1,ceremony
B1,represent
B1,highly
B1,mall
B1,legal
B1,honest
B1,development
B1,frighten
B1,lie
B1,mystery
B1,exchange
B1,heavily
B1,access
B1,unlike
B1,curtain
B1,diamond
B1,victim
B1,contrast
B1,receipt
B1,environmental
B1,captain
B1,relaxed
B1,daily
B1,absolutely
B1,powerful
B1,coloured
B1,pray
B1,tin
B1,pot
B1,signal
B1,coach
B1,theme
B1,treat
B1,warm
B1,truth
B1,oldfashioned
B1,technique
B1,spirit
B1,fry
B1,achievement
B1,campaign
B1,leaf
B1,bee
B1,young
B1,practical
B1,wing
B1,addition
B1,invest
B1,measure
B1,journal
B1,collection
B1,guilty
B1,smooth
B1,pretend
B1,agent
B1,pipe
B1,global
B1,qualified
B1,effective
B1,appreciate
B1,vote
B1,rarely
B1,continuous
B1,import
B1,sailor
B1,conclusion
B1,view
B1,reliable
B1,financial
B1,giant
B1,store
B1,relate
B1,fascinating
B1,eastern
B1,this
B1,obviously
B1,center
B1,frightening
B1,gentle
B1,encourage
B1,successfully
B1,seed
B1,doubt
B1,journey
B1,alternative
B1,nuclear
B1,since
B1,sharp
B1,breath
B1,resource
B1,living
B1,remain
B1,escape
B1,pan
B1,scan
B1,clue
B1,due
B1,trick
B1,mess
B1,religion
B1,management
B1,aware
B1,atmosphere
B1,comment
B1,balance
B1,luxury
B1,presentation
B1,throat
B1,tire
B1,worry
B1,summary
B1,tour
B1,youth
B1,disappointed
B1,normal
B1,primary
B1,uncomfortable
B1,theirs
B1,painful
B1,rugby
B1,servant
B1,headline
B1,laboratory
B1,competitive
B1,yard
B1,brave
B1,custom
B1,experience
B1,place
B1,tongue
B1,retire
B1,dust
B1,aim
B1,trainer
B1,arrival
B1,outdoor
B1,repeated
B1,immigrant
B1,amazed
B1,seriously
B1,relation
B1,priest
B1,supporter
B1,competitor
B1,celebration
B1,similarity
B1,mention
B1,cupboard
B1,remote
B1,mad
B1,calm
B1,unpleasant
B1,used
B1,pour
B1,cover
B1,exhibition
B1,examine
B1,remind
B1,cap
B1,effectively
B1,pleasant
B1,criminal
B1,essential
B1,corn
B1,album
B1,kiss
B1,union
B1,related
B1,bend
B1,private
B1,campus
B1,deep
B1,personally
B1,sensible
B1,outdoors
B1,killing
B1,impressive
B1,attraction
B1,solid
B1,reality
B1,consumer
B1,earthquake
B1,mud
B1,length
B1,lip
B1,apologize
B1,unable
B1,substance
B1,marriage
B1,release
B1,request
B1,definition
B1,tent
B1,ahead
B1,far
B1,while
B1,category
B1,edge
B1,previous
B1,poem
B1,embarrassing
B1,happiness
B1,respect
B1,state
B1,persuade
B1,fence
B1,flour
B1,ghost
B1,chemical
B1,stadium
B1,payment
B1,duty
B1,attach
B1,relaxing
B1,fire
B1,combine
B1,donate
B1,tyre
B1,importance
B1,cruel
B1,experiment
B1,reflect
B1,economic
B1,shy
B1,mainly
B1,layer
B1,innocent
B1,explosion
B1,press
B1,flood
B1,pleasure
B1,impact
B1,clever
B1,suffer
B1,scientific
B1,horror
B1,romantic
B1,covered
B1,unfair
B1,politics
B1,announcement
B1,touch
B1,assignment
B1,communication
B1,poisonous
B1,poverty
B1,mental
B1,ring
B1,injure
B1,profit
B1,bomb
B1,indoor
B1,act
B1,by
B1,departure
B1,dressed
B1,lonely
B1,frequently
B1,mix
B1,nail
B1,bite
B1,photography
B1,generation
B1,limit
B1,battery
B1,fancy
B1,mood
B1,click
B1,determine
B1,define
B1,cottage
B1,charge
B1,necessarily
B1,injured
B1,neighbourhood
B1,pin
B1,fairly
B1,court
B1,episode
B1,decade
B1,cut
B1,familiar
B1,organizer
B1,standard
B1,enemy
B1,waste
B1,sink
B1,afford
B1,shine
B1,result
B1,arrest
B1,damage
B1,local
B1,determined
B1,political
B1,shelf
B1,strength
B1,emergency
B1,suitable
B1,reservation
B1,symptom
B1,cotton
B1,generally
B1,unemployment
B1,sight
B1,needle
B1,literature
B1,documentary
B1,participate
B1,prayer
B1,musical
B1,risk
B1,quote
B1,engineering
B1,roll
B1,southern
B1,princess
B1,bride
B1,market
B1,though
B1,reject
B1,hurricane
B1,double
B1,ban
B1,hand
B1,loss
B1,effort
B1,costume
B1,disappointing
B1,benefit
B1,drop
B1,confirm
B2,economics
B2,preference
B2,slogan
B2,defend
B2,genuinely
B2,professional
B2,cabin
B2,controversy
B2,accommodation
B2,chain
B2,junior
B2,optimistic
B2,sometime
B2,core
B2,confidence
B2,additional
B2,govern
B2,viewpoint
B2,following
B2,even
B2,bill
B2,unconscious
B2,aircraft
B2,perception
B2,sympathy
B2,beyond
B2,terrorism
B2,mass
B2,demonstrate
B2,decoration
B2,rob
B2,commander
B2,conspiracy
B2,cowboy
B2,biological
B2,agenda
B2,controversial
B2,chair
B2,headquarters
B2,breast
B2,package
B2,makeup
B2,miserable
B2,rapidly
B2,oppose
B2,assistance
B2,offensive
B2,leave
B2,wage
B2,stall
B2,urgent
B2,passage
B2,accompany
B2,origin
B2,precise
B2,incident
B2,slave
B2,skilled
B2,artwork
B2,launch
B2,genuine
B2,folding
B2,housing
B2,perspective
B2,collapse
B2,citizen
B2,stable
B2,free
B2,affair
B2,approval
B2,immigration
B2,significance
B2,file
B2,apparent
B2,logical
B2,fundamentally
B2,exhibit
B2,guideline
B2,instantly
B2,somehow
B2,wise
B2,temple
B2,bitter
B2,drought
B2,budget
B2,rsum
B2,alarm
B2,drag
B2,excuse
B2,retail
B2,widespread
B2,curriculum
B2,power
B2,chief
B2,relieve
B2,multiple
B2,greenhouse
B2,humour
B2,subject
B2,revenue
B2,low
B2,format
B2,lens
B2,ink
B2,ambulance
B2,charming
B2,tough
B2,humor
B2,otherwise
B2,rapid
B2,specify
B2,select
B2,split
B2,rise
B2,found
B2,heal
B2,uncertainty
B2,clip
B2,freely
B2,yet
B2,pill
B2,sidewalk
B2,visual
B2,artistic
B2,being
B2,joint
B2,anniversary
B2,globe
B2,loan
B2,matching
B2,try
B2,attachment
B2,dull
B2,modify
B2,material
B2,primarily
B2,chase
B2,boost
B2,income
B2,offense
B2,fabric
B2,shame
B2,sum
B2,notion
B2,track
B2,opera
B2,recovery
B2,defense
B2,position
B2,openly
B2,nursing
B2,risky
B2,aids
B2,jet
B2,mechanic
B2,universe
B2,angle
B2,protection
B2,nevertheless
B2,litter
B2,criterion
B2,fundamental
B2,owe
B2,suspend
B2,increasingly
B2,herb
B2,engage
B2,remarkable
B2,disagreement
B2,compulsory
B2,detailed
B2,genre
B2,publication
B2,minority
B2,usage
B2,adequately
B2,ultimately
B2,sufficiently
B2,surgeon
B2,narrow
B2,brief
B2,robbery
B2,honour
B2,melt
B2,dominant
B2,cable
B2,pure
B2,mosquito
B2,alongside
B2,comprehensive
B2,transition
B2,disk
B2,function
B2,habitat
B2,bullet
B2,beat
B2,motor
B2,absorb
B2,nerve
B2,confusion
B2,bond
B2,kindergarten
B2,assume
B2,ladder
B2,significantly
B2,prompt
B2,parallel
B2,edit
B2,emphasize
B2,adequate
B2,mysterious
B2,convey
B2,cry
B2,fuel
B2,root
B2,rush
B2,electronics
B2,cheek
B2,graphics
B2,moreover
B2,establish
B2,obey
B2,adjust
B2,desperately
B2,dare
B2,burn
B2,stroke
B2,rat
B2,attempt
B2,ongoing
B2,significant
B2,deserve
B2,bush
B2,desert
B2,scheme
B2,ton
B2,way
B2,nearby
B2,annually
B2,info
B2,transportation
B2,reduction
B2,gorgeous
B2,terrify
B2,combination
B2,tropical
B2,close
B2,shelter
B2,unfortunate
B2,raw
B2,specialize
B2,elect
B2,survey
B2,restriction
B2,object
B2,divide
B2,accurately
B2,deliberate
B2,associated
B2,sponsor
B2,efficient
B2,monster
B2,hurt
B2,civil
B2,appropriate
B2,workforce
B2,apparently
B2,characteristic
B2,inch
B2,minor
B2,entirely
B2,arise
B2,cruise
B2,display
B2,wound
B2,orchestra
B2,mate
B2,terrorist
B2,opposition
B2,agency
B2,threaten
B2,database
B2,teen
B2,soul
B2,surrounding
B2,wind
B2,proportion
B2,thumb
B2,bound
B2,strict
B2,urban
B2,retain
B2,gang
B2,ashamed
B2,harm
B2,potentially
B2,disability
B2,frequent
B2,revolution
B2,surround
B2,spite
B2,revision
B2,ideal
B2,round
B2,elbow
B2,plain
B2,commonly
B2,forum
B2,corridor
B2,depression
B2,internal
B2,tendency
B2,dig
B2,vary
B2,convenience
B2,conservative
B2,index
B2,cite
B2,martial
B2,overnight
B2,evident
B2,evolve
B2,sweep
B2,potential
B2,racial
B2,dump
B2,ballet
B2,wisdom
B2,obligation
B2,registration
B2,install
B2,insert
B2,stuff
B2,convention
B2,demand
B2,pupil
B2,evolution
B2,rid
B2,landing
B2,prime
B2,goods
B2,immune
B2,acceptable
B2,ancestor
B2,ethical
B2,guarantee
B2,issue
B2,proposal
B2,probability
B2,sexy
B2,delete
B2,bid
B2,gain
B2,dishonest
B2,thus
B2,sufficient
B2,component
B2,house
B2,initiative
B2,aside
B2,greatly
B2,ambitious
B2,load
B2,slope
B2,jail
B2,forecast
B2,blow
B2,scare
B2,wander
B2,subsequently
B2,fabulous
B2,ownership
B2,consult
B2,probable
B2,ruin
B2,impressed
B2,outcome
B2,swear
B2,skull
B2,founder
B2,submit
B2,investigation
B2,recall
B2,lottery
B2,diverse
B2,sticky
B2,disc
B2,automatically
B2,rural
B2,cute
B2,fraud
B2,upward
B2,relief
B2,sample
B2,basically
B2,tap
B2,date
B2,tissue
B2,gesture
B2,sophisticated
B2,official
B2,litre
B2,major
B2,efficiently
B2,pitch
B2,draft
B2,deadly
B2,domestic
B2,shade
B2,witness
B2,assess
B2,wrong
B2,fool
B2,annual
B2,protester
B2,manufacture
B2,relieved
B2,cancer
B2,gradually
B2,spectacular
B2,expansion
B2,spoil
B2,clerk
B2,defeat
B2,mistake
B2,league
B2,tear
B2,negotiation
B2,bear
B2,district
B2,anxiety
B2,vertical
B2,apology
B2,democracy
B2,assessment
B2,accomplish
B2,tone
B2,association
B2,neutral
B2,differ
B2,anxious
B2,forbid
B2,threat
B2,cave
B2,kit
B2,neat
B2,depressing
B2,steep
B2,firework
B2,essentially
B2,faith
B2,extreme
B2,disorder
B2,afterward
B2,fee
B2,resist
B2,tragedy
B2,troop
B2,print
B2,altogether
B2,casual
B2,motivation
B2,opposed
B2,process
B2,candle
B2,outline
B2,survivor
B2,basement
B2,canal
B2,vitamin
B2,emission
B2,rail
B2,landscape
B2,illustrate
B2,notebook
B2,desperate
B2,slide
B2,output
B2,obtain
B2,adapt
B2,memorable
B2,genius
B2,blind
B2,cast
B2,proof
B2,literally
B2,modest
B2,firmly
B2,blanket
B2,promotion
B2,enhance
B2,finding
B2,margin
B2,satisfied
B2,motivate
B2,broadly
B2,loose
B2,penalty
B2,permanently
B2,unexpected
B2,protein
B2,surgery
B2,victory
B2,reserve
B2,crack
B2,warming
B2,flavour
B2,settle
B2,imagination
B2,literary
B2,colourful
B2,acquire
B2,nightmare
B2,circuit
B2,spiritual
B2,severe
B2,fortune
B2,specialist
B2,bar
B2,hopefully
B2,numerous
B2,hypothesis
B2,pride
B2,scratch
B2,mosque
B2,rating
B2,outfit
B2,conflict
B2,address
B2,recruit
B2,elementary
B2,historian
B2,globalization
B2,county
B2,genetic
B2,blame
B2,partnership
B2,consultant
B2,map
B2,resort
B2,reckon
B2,comparative
B2,command
B2,barely
B2,mixed
B2,envelope
B2,account
B2,legend
B2,arrow
B2,moving
B2,confess
B2,pause
B2,trial
B2,progressive
B2,fragment
B2,shortage
B2,generate
B2,tunnel
B2,reasonably
B2,pick
B2,courage
B2,constantly
B2,expectation
B2,flame
B2,entrepreneur
B2,shape
B2,detect
B2,tag
B2,constant
B2,occasionally
B2,wrist
B2,selection
B2,steadily
B2,zone
B2,furious
B2,prospect
B2,withdraw
B2,former
B2,silk
B2,regulation
B2,abstract
B2,debate
B2,transfer
B2,lean
B2,council
B2,resolve
B2,highway
B2,amount
B2,criticism
B2,restore
B2,minister
B2,tragic
B2,step
B2,acknowledge
B2,metaphor
B2,investment
B2,grant
B2,pregnant
B2,lighting
B2,journalism
B2,unite
B2,reasonable
B2,reveal
B2,executive
B2,challenge
B2,concept
B2,incentive
B2,venue
B2,corporation
B2,unique
B2,inform
B2,tension
B2,voting
B2,beneficial
B2,aged
B2,foundation
B2,racist
B2,emerge
B2,convinced
B2,healthcare
B2,composer
B2,operate
B2,likewise
B2,outstanding
B2,upper
B2,testing
B2,participant
B2,wherever
B2,congress
B2,parttime
B2,feedback
B2,finance
B2,illusion
B2,marathon
B2,measurement
B2,contemporary
B2,expedition
B2,spokeswoman
B2,fantasy
B2,accountant
B2,spokesman
B2,inspector
B2,destruction
B2,monitor
B2,distant
B2,trust
B2,means
B2,inhabitant
B2,justice
B2,asset
B2,retirement
B2,precisely
B2,implement
B2,evil
B2,calculate
B2,comic
B2,hold
B2,shadow
B2,grab
B2,sympathetic
B2,colony
B2,distinguish
B2,classic
B2,editorial
B2,dairy
B2,whom
B2,trading
B2,delighted
B2,briefly
B2,innovation
B2,grade
B2,clarify
B2,entire
B2,observer
B2,shock
B2,disappoint
B2,remarkably
B2,temporarily
B2,workplace
B2,trouble
B2,tsunami
B2,shortterm
B2,estate
B2,suspect
B2,failed
B2,longterm
B2,democratic
B2,hesitate
B2,objective
B2,priority
B2,evaluation
B2,governor
B2,occupation
B2,useless
B2,heel
B2,rank
B2,hence
B2,screen
B2,pointed
B2,term
B2,chop
B2,independence
B2,interaction
B2,athletic
B2,lately
B2,fix
B2,completion
B2,suffering
B2,institute
B2,critic
B2,welfare
B2,rub
B2,indication
B2,basket
B2,stretch
B2,hollow
B2,interval
B2,certificate
B2,ship
B2,examination
B2,inquiry
B2,commitment
B2,criticize
B2,fully
B2,wire
B2,existence
B2,military
B2,document
B2,disabled
B2,entertaining
B2,medium
B2,associate
B2,master
B2,lane
B2,enthusiastic
B2,observation
B2,visible
B2,mechanical
B2,castle
B2,routine
B2,academic
B2,nasty
B2,expense
B2,saving
B2,float
B2,participation
B2,phenomenon
B2,abroad
B2,extension
B2,shore
B2,lower
B2,furthermore
B2,assign
B2,framework
B2,privacy
B2,flavor
B2,miner
B2,wolf
B2,shocked
B2,consistent
B2,largely
B2,crew
B2,nutrition
B2,questionnaire
B2,contribute
B2,weakness
B2,confusing
B2,procedure
B2,deck
B2,rebuild
B2,astonishing
B2,regional
B2,observe
B2,punk
B2,spot
B2,investor
B2,satisfy
B2,seminar
B2,exposure
B2,spectator
B2,distract
B2,suburb
B2,approve
B2,occupy
B2,lively
B2,delivery
B2,edition
B2,elsewhere
B2,distribution
B2,duration
B2,violence
B2,actual
B2,balloon
B2,curved
B2,dive
B2,project
B2,psychology
B2,exceed
B2,unfold
B2,weird
B2,dot
B2,capable
B2,species
B2,rely
B2,strike
B2,slip
B2,comfort
B2,erupt
B2,strictly
B2,honey
B2,panel
B2,graphic
B2,lord
B2,mineral
B2,alter
B2,bias
B2,failure
B2,empire
B2,portion
B2,concerned
B2,scholar
B2,anger
B2,brick
B2,crisis
B2,equal
B2,tale
B2,satisfaction
B2,shall
B2,purely
B2,contribution
B2,closely
B2,judgement
B2,bargain
B2,humorous
B2,bent
B2,rescue
B2,critical
B2,comprise
B2,isolated
B2,downwards
B2,analyst
B2,demonstration
B2,slight
B2,refugee
B2,romance
B2,worm
B2,justify
B2,fund
B2,novelist
B2,broad
B2,opening
B2,mount
B2,aid
B2,fortunate
B2,pity
B2,widely
B2,gender
B2,inherit
B2,impatient
B2,imply
B2,nickel
B2,harmful
B2,artificial
B2,multiply
B2,therapy
B2,preserve
B2,extensively
B2,unity
B2,spokesperson
B2,limited
B2,current
B2,cell
B2,afterwards
B2,hunting
B2,reporting
B2,preparation
B2,equip
B2,organ
B2,hell
B2,era
B2,wrap
B2,interact
B2,dismiss
B2,tune
B2,whisper
B2,hunger
B2,stiff
B2,convincing
B2,dime
B2,rubber
B2,fond
B2,emotionally
B2,voluntary
B2,signature
B2,bug
B2,regulate
B2,concentration
B2,radiation
B2,realistic
B2,fellow
B2,capacity
B2,bombing
B2,recession
B2,programming
B2,manufacturing
B2,circumstance
B2,nowadays
B2,barrier
B2,very
B2,infer
B2,appropriately
B2,delight
B2,sincere
B2,theft
B2,receiver
B2,session
B2,infection
B2,economist
B2,produce
B2,steady
B2,broadcaster
B2,decorate
B2,absolute
B2,declare
B2,operator
B2,border
B2,model
B2,beside
B2,aspect
B2,catch
B2,unknown
B2,speculate
B2,host
B2,worst
B2,arms
B2,gene
B2,forgive
B2,consequently
B2,figure
B2,insurance
B2,steel
B2,seat
B2,downward
B2,labor
B2,collector
B2,self
B2,approach
B2,promising
B2,feather
B2,fraction
B2,transmit
B2,senior
B2,shaped
B2,subsequent
B2,hip
B2,fossil
B2,thorough
B2,compose
B2,adopt
B2,divorce
B2,trait
B2,roughly
B2,colorful
B2,shot
B2,deeply
B2,freedom
B2,advance
B2,industrial
B2,worse
B2,concern
B2,funding
B2,awkward
B2,massive
B2,external
B2,regard
B2,naked
B2,plot
B2,compound
B2,appeal
B2,deliberately
B2,deny
B2,consideration
B2,firefighter
B2,conduct
B2,depth
B2,automatic
B2,level
B2,virtual
B2,ensure
B2,positive
B2,elderly
B2,precious
B2,downtown
B2,predictable
B2,household
B2,packet
B2,certainty
B2,high
B2,scale
B2,dozen
B2,tournament
B2,recognition
B2,helmet
B2,terribly
B2,insist
B2,hidden
B2,password
B2,cliff
B2,unacceptable
B2,dramatically
B2,pursuit
B2,variation
B2,gaming
B2,devote
B2,conventional
B2,fulltime
B2,broadcast
B2,scream
B2,moral
B2,urge
B2,patience
B2,rate
B2,reward
B2,permanent
B2,maintain
B2,majority
B2,monthly
B2,impress
B2,clinic
B2,possess
B2,satellite
B2,medication
B2,convert
B2,joy
B2,expose
B2,making
B2,latest
B2,ridiculous
B2,leaflet
B2,philosophy
B2,hire
B2,racism
B2,negative
B2,cure
B2,wildlife
B2,sequence
B2,visa
B2,therapist
B2,worth
B2,commission
B2,contract
B2,starve
B2,sector
B2,armed
B2,golden
B2,capture
B2,publishing
B2,extend
B2,picture
B2,formerly
B2,purchase
B2,lifetime
B2,deadline
B2,stream
B2,abandon
B2,considerably
B2,inner
B2,conscious
B2,wheat
B2,overall
B2,civilization
B2,solar
B2,favor
B2,myth
B2,consumption
B2,curve
B2,illustration
B2,newly
B2,stare
B2,reach
B2,grocery
B2,exploit
B2,crop
B2,interrupt
B2,eliminate
B2,logo
B2,cope
B2,resolution
B2,strengthen
B2,transform
B2,make
B2,inevitably
B2,terms
B2,willing
B2,favour
B2,truly
B2,implication
B2,hearing
B2,installation
B2,enthusiasm
B2,membership
B2,teens
B2,honesty
B2,creation
B2,inflation
B2,hunt
B2,flash
B2,construction
B2,fake
B2,cheer
B2,pharmacy
B2,fulfil
B2,committee
B2,praise
B2,via
B2,frequency
B2,emotional
B2,weekly
B2,sentence
B2,labour
B2,switch
B2,diversity
B2,scholarship
B2,trap
B2,permit
B2,thesis
B2,initially
B2,structure
B2,expertise
B2,negotiate
B2,aggressive
B2,forward
B2,harbour
B2,opponent
B2,whereas
B2,considerable
B2,upwards
B2,battle
B2,creature
B2,mayor
B2,progress
B2,screening
B2,pursue
B2,random
B2,presence
B2,administration
B2,spice
B2,trip
B2,scandal
B2,vital
B2,construct
B2,disturb
B2,speculation
B2,spread
B2,corporate
B2,propose
B2,patient
B2,homeless
B2,national
B2,territory
B2,fame
B2,whoever
B2,fold
B2,discipline
B2,pace
B2,peer
B2,disappointment
B2,temporary
B2,elegant
B2,enable
B2,super
B2,judgment
B2,delay
B2,norm
B2,cancel
B2,integrate
B2,fulfill
B2,back
B2,inspire
B2,besides
B2,exception
B2,initial
B2,bet
B2,schedule
B2,assure
B2,harbor
B2,anticipate
B2,instance
B2,consistently
B2,rival
B2,dramatic
B2,target
B2,title
B2,terror
B2,pile
B2,dealer
B2,id
B2,ethnic
B2,enquiry
B2,accuse
B2,outer
B2,input
B2,offend
B2,darkness
B2,obstacle
B2,determination
B2,thoroughly
B2,vast
B2,exotic
B2,vision
B2,senate
B2,desire
B2,extensive
B2,fever
B2,bold
B2,depressed
B2,volume
B2,bunch
B2,necessity
B2,rose
B2,debt
B2,incorporate
B2,mode
B2,decline
B2,coverage
B2,reputation
B2,insight
B2,trillion
B2,universal
B2,phase
B2,stunning
B2,division
B2,leadership
B2,incorrect
B2,decrease
B2,equivalent
B2,monument
B2,championship
B2,psychological
B2,estimate
B2,gay
B2,undergo
B2,mortgage
B2,infrastructure
B2,loyal
B2,lung
B2,timing
B2,but
B2,partly
B2,evaluate
B2,recover
B2,value
B2,status
B2,workshop
B2,crash
B2,accommodate
B2,shortly
B2,facility
B2,limitation
B2,parade
B2,interpretation
B2,prior
B2,shocking
B2,decent
B2,feed
B2,offender
B2,pose
B2,emphasis
B2,stance
B2,survival
B2,feel
B2,organic
B2,remark
B2,settler
B2,swallow
B2,extraordinary
B2,agriculture
B2,carbon
B2,relatively
B2,plus
B2,register
B2,referee
B2,complicated
B2,treasure
B2,resign
B2,classify
B2,bacteria
B2,chart
B2,wealth
B2,donation
B2,fare
B2,concrete
B2,placement
B2,institution
B2,jury
B2,offence
B2,tank
B2,range
B2,shallow
B2,federal
B2,complex
B2,applicant
B2,firm
B2,fault
B2,publicity
B2,formation
B2,activate
B2,oxygen
B2,obesity
B2,severely
B2,steam
B2,heaven
B2,puzzle
B2,invasion
B2,shift
B2,exploration
B2,palm
B2,conservation
B2,depart
B2,rocket
B2,instant
B2,representative
B2,invade
B2,balanced
B2,hilarious
B2,honor
B2,discourage
B2,enjoyable
B2,medal
B2,overseas
B2,beg
B2,innovative
B2,sibling
B2,extent
B2,psychologist
B2,accent
B2,chairman
B2,silence
B2,mission
B2,accurate
B2,excessive
B2,grand
B2,regret
B2,somewhat
B2,motion
B2,tribe
B2,minimum
B2,flexible
B2,popularity
B2,spill
B2,struggle
B2,contest
B2,dependent
B2,stage
B2,technological
B2,badge
B2,holy
B2,line
B2,van
B2,relevant
B2,sensitive
B2,goodness
B2,awareness
B2,price
B2,intended
B2,encounter
B2,sense
B2,time
B2,impose
B2,maximum
B2,speed
B2,socalled
B2,handle
B2,textbook
B2,passionate
B2,precede
B2,curious
B2,tonne
B2,intense
B2,rhythm
B2,discount
B2,detail
B2,requirement
B2,secure
B2,wealthy
C1,foster
C1,imminent
C1,caution
C1,administrator
C1,enroll
C1,passive
C1,persist
C1,portray
C1,residential
C1,consolidate
C1,nominee
C1,productive
C1,violate
C1,lawmaker
C1,enquire
C1,loop
C1,removal
C1,constitutional
C1,sophomore
C1,declaration
C1,nominate
C1,ease
C1,resemble
C1,consistency
C1,favorable
C1,motive
C1,niche
C1,ash
C1,legislature
C1,cease
C1,suppress
C1,civic
C1,inflict
C1,confront
C1,compassion
C1,skeptical
C1,trail
C1,minimize
C1,handling
C1,marketplace
C1,suspicious
C1,disruption
C1,longstanding
C1,nest
C1,characterize
C1,trigger
C1,spark
C1,smash
C1,insider
C1,rage
C1,surplus
C1,interference
C1,recount
C1,filmmaker
C1,distort
C1,storage
C1,detain
C1,deteriorate
C1,directory
C1,thankfully
C1,newsletter
C1,odds
C1,thread
C1,assembly
C1,drift
C1,cutting
C1,execution
C1,subsidy
C1,attain
C1,thereby
C1,consultation
C1,weed
C1,strain
C1,contender
C1,glance
C1,verbal
C1,irony
C1,hostility
C1,remainder
C1,deposit
C1,poll
C1,desirable
C1,explosive
C1,linger
C1,corruption
C1,retrieve
C1,wipe
C1,yell
C1,resignation
C1,versus
C1,parliament
C1,ballot
C1,assert
C1,tackle
C1,simultaneously
C1,monopoly
C1,pit
C1,cooperative
C1,protective
C1,concede
C1,faculty
C1,lifelong
C1,stab
C1,capability
C1,stereotype
C1,driving
C1,compute
C1,specialized
C1,engaging
C1,franchise
C1,parish
C1,tactic
C1,whatsoever
C1,vessel
C1,bat
C1,coincide
C1,likelihood
C1,transmission
C1,accumulation
C1,skip
C1,strive
C1,delicate
C1,revival
C1,differentiate
C1,dependence
C1,harsh
C1,citizenship
C1,fiscal
C1,inject
C1,ray
C1,abolish
C1,vocal
C1,blend
C1,facilitate
C1,commodity
C1,grasp
C1,linear
C1,rhetoric
C1,albeit
C1,thoughtful
C1,inspect
C1,browser
C1,weave
C1,encouragement
C1,syndrome
C1,sustain
C1,feat
C1,justification
C1,patron
C1,warfare
C1,sigh
C1,lesser
C1,invisible
C1,administer
C1,ward
C1,socialist
C1,councilor
C1,comply
C1,dense
C1,hail
C1,quest
C1,referendum
C1,partially
C1,vague
C1,grip
C1,stability
C1,petition
C1,preliminary
C1,hazard
C1,worthwhile
C1,instinct
C1,alien
C1,expire
C1,trademark
C1,demon
C1,burial
C1,virtue
C1,quota
C1,bounce
C1,specimen
C1,commerce
C1,overturn
C1,elevate
C1,outrage
C1,bonus
C1,endure
C1,productivity
C1,adjustment
C1,variable
C1,incidence
C1,bleed
C1,straightforward
C1,conversion
C1,horizon
C1,descent
C1,array
C1,mobility
C1,evacuate
C1,monk
C1,carve
C1,bankruptcy
C1,reform
C1,continually
C1,embarrassment
C1,aspiration
C1,contempt
C1,accused
C1,counsellor
C1,torture
C1,amend
C1,descend
C1,widen
C1,rational
C1,density
C1,spectacle
C1,mathematical
C1,lesbian
C1,desktop
C1,utterly
C1,handful
C1,dissolve
C1,restoration
C1,rally
C1,creep
C1,taxpayer
C1,preservation
C1,commentary
C1,ideology
C1,dominance
C1,withdrawal
C1,abundance
C1,notable
C1,precedent
C1,triumph
C1,assault
C1,supposedly
C1,viable
C1,regardless
C1,corrupt
C1,grin
C1,sensitivity
C1,exaggerate
C1,substantial
C1,benchmark
C1,proclaim
C1,thereafter
C1,whereby
C1,endless
C1,vulnerability
C1,sensation
C1,vanish
C1,damaging
C1,profound
C1,screw
C1,hatred
C1,vibrant
C1,sphere
C1,defensive
C1,allege
C1,theoretical
C1,morality
C1,assassination
C1,cautious
C1,tribute
C1,initiate
C1,whip
C1,cognitive
C1,establishment
C1,slash
C1,detention
C1,dose
C1,extremist
C1,accomplishment
C1,stark
C1,leak
C1,gaze
C1,processing
C1,endeavor
C1,amateur
C1,diagnose
C1,tighten
C1,tempt
C1,contention
C1,companion
C1,domain
C1,constraint
C1,spell
C1,practitioner
C1,inventory
C1,ruling
C1,marine
C1,supplement
C1,replacement
C1,crystal
C1,reproduce
C1,retreat
C1,inspiration
C1,grid
C1,educator
C1,undergraduate
C1,outlet
C1,intervention
C1,ministry
C1,disrupt
C1,imagery
C1,rear
C1,intermediate
C1,conscience
C1,curiosity
C1,inability
C1,shoot
C1,autumn
C1,tender
C1,delegation
C1,coordinate
C1,abuse
C1,mining
C1,contemplate
C1,liberation
C1,melody
C1,magnetic
C1,defect
C1,ego
C1,bulk
C1,boom
C1,render
C1,efficiency
C1,presume
C1,fragile
C1,foreigner
C1,irrelevant
C1,boundary
C1,acute
C1,manifest
C1,outbreak
C1,seldom
C1,beverage
C1,dam
C1,archive
C1,exploitation
C1,slap
C1,subtle
C1,composition
C1,merchant
C1,deficit
C1,capitalist
C1,inherent
C1,resistance
C1,backup
C1,hook
C1,psychiatric
C1,boast
C1,relevance
C1,execute
C1,meantime
C1,exit
C1,solely
C1,breach
C1,architectural
C1,availability
C1,manuscript
C1,physician
C1,blast
C1,superior
C1,clash
C1,liberal
C1,mainland
C1,minute
C1,presidential
C1,rock
C1,pastor
C1,loom
C1,acre
C1,distinctive
C1,counselor
C1,suburban
C1,chamber
C1,bay
C1,riot
C1,strand
C1,widow
C1,longtime
C1,funeral
C1,residence
C1,thrilled
C1,backdrop
C1,absurd
C1,projection
C1,the
C1,verify
C1,buddy
C1,counseling
C1,debris
C1,proposition
C1,patent
C1,cling
C1,engagement
C1,encouraging
C1,breakdown
C1,worthy
C1,senator
C1,opt
C1,recipient
C1,ally
C1,aide
C1,cattle
C1,dip
C1,exile
C1,dilemma
C1,ironically
C1,rotation
C1,nonetheless
C1,landlord
C1,successor
C1,segment
C1,handy
C1,intimate
C1,venture
C1,intensity
C1,scattered
C1,integrity
C1,revenge
C1,dumb
C1,leap
C1,inspection
C1,testify
C1,complication
C1,prosecutor
C1,laser
C1,confine
C1,enforce
C1,transaction
C1,incarcerate
C1,commissioner
C1,biography
C1,congratulate
C1,thrive
C1,echo
C1,slot
C1,sword
C1,guerrilla
C1,sake
C1,legislative
C1,thoughtprovoking
C1,just
C1,heighten
C1,accusation
C1,nationwide
C1,explicitly
C1,elite
C1,tolerate
C1,aspire
C1,soak
C1,confirmation
C1,identification
C1,lap
C1,lad
C1,alliance
C1,supervisor
C1,expenditure
C1,explicit
C1,uphold
C1,commentator
C1,fade
C1,revolutionary
C1,philosophical
C1,alike
C1,correspondent
C1,pond
C1,representation
C1,migration
C1,anonymous
C1,eternal
C1,magnificent
C1,forge
C1,highprofile
C1,solo
C1,courtesy
C1,shed
C1,denial
C1,devastate
C1,disposal
C1,devise
C1,exceptional
C1,secular
C1,regain
C1,strip
C1,crawl
C1,reluctant
C1,settlement
C1,strategic
C1,persistent
C1,spam
C1,contend
C1,fate
C1,sanction
C1,parameter
C1,cabinet
C1,freshman
C1,total
C1,distinction
C1,pad
C1,rookie
C1,objection
C1,gear
C1,rejection
C1,inclusion
C1,confrontation
C1,chunk
C1,prospective
C1,congressional
C1,clinical
C1,lawn
C1,reconstruction
C1,contributor
C1,problematic
C1,indicator
C1,sacrifice
C1,tuition
C1,rod
C1,coordinator
C1,rumour
C1,rifle
C1,stun
C1,breed
C1,misleading
C1,maximize
C1,empirical
C1,nomination
C1,allocation
C1,harassment
C1,predominantly
C1,fiber
C1,optical
C1,ensue
C1,overwhelm
C1,fundraising
C1,inappropriate
C1,notify
C1,endorsement
C1,respective
C1,hint
C1,tribal
C1,upcoming
C1,profitable
C1,inmate
C1,involvement
C1,equality
C1,exclusive
C1,mob
C1,novel
C1,liter
C1,overwhelming
C1,unify
C1,exert
C1,secondly
C1,systematic
C1,excess
C1,calculation
C1,presently
C1,contractor
C1,pioneer
C1,induce
C1,clarity
C1,combat
C1,serial
C1,flawed
C1,lethal
C1,flourish
C1,punch
C1,memo
C1,interim
C1,reasoning
C1,casino
C1,forth
C1,disastrous
C1,accordingly
C1,revive
C1,ranking
C1,horn
C1,exclusively
C1,inclined
C1,invoke
C1,latter
C1,conceal
C1,whilst
C1,conquer
C1,infamous
C1,spotlight
C1,fleet
C1,merger
C1,disclosure
C1,apparel
C1,insufficient
C1,amendment
C1,standing
C1,epidemic
C1,reportedly
C1,submission
C1,minimal
C1,adjacent
C1,contrary
C1,offspring
C1,yield
C1,embark
C1,wit
C1,interior
C1,formula
C1,discourse
C1,provoke
C1,devil
C1,audit
C1,regulator
C1,merit
C1,delegate
C1,gallon
C1,pension
C1,meditation
C1,fluid
C1,compel
C1,spare
C1,credibility
C1,intact
C1,compliance
C1,cocktail
C1,sexuality
C1,villager
C1,turnout
C1,shareholder
C1,transformation
C1,casualty
C1,enterprise
C1,tenant
C1,spy
C1,peak
C1,trio
C1,lineup
C1,tide
C1,conviction
C1,integration
C1,methodology
C1,raid
C1,misery
C1,patch
C1,default
C1,prescription
C1,harmony
C1,liver
C1,discharge
C1,mandate
C1,appoint
C1,theology
C1,dispose
C1,debut
C1,booking
C1,counter
C1,tobacco
C1,regime
C1,span
C1,fatal
C1,catalog
C1,implementation
C1,prevention
C1,merely
C1,affection
C1,prominent
C1,denounce
C1,cemetery
C1,elaborate
C1,rebellion
C1,alert
C1,nursery
C1,gross
C1,barrel
C1,fierce
C1,sin
C1,timber
C1,liable
C1,prosecution
C1,beam
C1,compensation
C1,patrol
C1,summit
C1,haunt
C1,choir
C1,varied
C1,custody
C1,aggression
C1,concession
C1,rip
C1,applicable
C1,midst
C1,cultivate
C1,anchor
C1,log
C1,net
C1,burden
C1,liberty
C1,bail
C1,cooperate
C1,cult
C1,peculiar
C1,dub
C1,circulation
C1,stumble
C1,preach
C1,transparent
C1,firearm
C1,coup
C1,undoubtedly
C1,idiot
C1,attendance
C1,mobilize
C1,beloved
C1,distress
C1,intake
C1,occurrence
C1,workout
C1,aesthetic
C1,layout
C1,drain
C1,threshold
C1,cop
C1,fairness
C1,hardware
C1,trophy
C1,magistrate
C1,lobby
C1,electoral
C1,junction
C1,preside
C1,remains
C1,hopeful
C1,keen
C1,intensive
C1,merge
C1,absence
C1,embassy
C1,nonprofit
C1,correlate
C1,collaborate
C1,authorize
C1,forthcoming
C1,injection
C1,suicide
C1,specification
C1,plug
C1,moderate
C1,inhibit
C1,simulate
C1,selective
C1,deploy
C1,loyalty
C1,resume
C1,critique
C1,pronounced
C1,angel
C1,republic
C1,undermine
C1,craft
C1,soar
C1,abortion
C1,privilege
C1,pump
C1,slam
C1,reverse
C1,stake
C1,proceeds
C1,modification
C1,provincial
C1,ambassador
C1,displace
C1,eligible
C1,fit
C1,indulge
C1,upgrade
C1,toss
C1,flaw
C1,fine
C1,coalition
C1,glimpse
C1,query
C1,formulate
C1,sketch
C1,plea
C1,conserve
C1,stabilize
C1,mere
C1,catalogue
C1,destructive
C1,atrocity
C1,blessing
C1,filter
C1,mobile
C1,squad
C1,steer
C1,surrender
C1,rumor
C1,flesh
C1,glory
C1,doctrine
C1,equation
C1,well
C1,apparatus
C1,province
C1,emergence
C1,experimental
C1,bishop
C1,dawn
C1,neighbouring
C1,guilt
C1,predecessor
C1,revelation
C1,articulate
C1,humanity
C1,noon
C1,carriage
C1,maintenance
C1,rebel
C1,authentic
C1,residue
C1,infant
C1,memoir
C1,sacred
C1,enrol
C1,bow
C1,underlying
C1,dynamic
C1,compile
C1,diplomatic
C1,grace
C1,testimony
C1,intriguing
C1,naval
C1,squeeze
C1,sound
C1,frankly
C1,sentiment
C1,embed
C1,adolescent
C1,integral
C1,transcript
C1,evolutionary
C1,isolation
C1,judicial
C1,bind
C1,sovereignty
C1,charter
C1,supportive
C1,canvas
C1,grave
C1,legitimate
C1,gravity
C1,plunge
C1,precision
C1,spin
C1,interfere
C1,arena
C1,notably
C1,radical
C1,imprison
C1,chaos
C1,plead
C1,manipulation
C1,intensify
C1,radar
C1,literacy
C1,occasional
C1,seal
C1,competent
C1,operational
C1,vacuum
C1,countless
C1,copyright
C1,oral
C1,sack
C1,offering
C1,colonial
C1,parental
C1,divine
C1,grind
C1,militia
C1,favourable
C1,corresponding
C1,adverse
C1,shrug
C1,integrated
C1,nonsense
C1,interactive
C1,guidance
C1,instruct
C1,bass
C1,insult
C1,largescale
C1,correction
C1,tolerance
C1,contradiction
C1,premium
C1,protocol
C1,fixture
C1,auction
C1,costly
C1,mercy
C1,proceeding
C1,capitalism
C1,superb
C1,principal
C1,proceedings
C1,kingdom
C1,bare
C1,constituency
C1,enact
C1,configuration
C1,peasant
C1,entitle
C1,civilian
C1,councillor
C1,immense
C1,earnings
C1,classification
C1,intent
C1,deputy
C1,hostage
C1,administrative
C1,philosopher
C1,faction
C1,halt
C1,sole
C1,utilize
C1,collective
C1,gambling
C1,crown
C1,deficiency
C1,optimism
C1,indigenous
C1,scope
C1,confession
C1,solicitor
C1,burst
C1,erect
C1,betray
C1,consciousness
C1,motorist
C1,admission
C1,module
C1,counselling
C1,acceptance
C1,appealing
C1,charm
C1,rental
C1,wellbeing
C1,incur
C1,postpone
C1,predator
C1,backing
C1,heritage
C1,overlook
C1,suite
C1,machinery
C1,warrant
C1,frustration
C1,regulatory
C1,credible
C1,license
C1,buck
C1,dual
C1,crush
C1,behavioral
C1,refusal
C1,terrific
C1,verse
C1,constitution
C1,hydrogen
C1,municipal
C1,diagnosis
C1,renew
C1,prescribe
C1,donor
C1,unprecedented
C1,defy
C1,ratio
C1,beast
C1,correspondence
C1,prevalence
C1,situated
C1,legendary
C1,flexibility
C1,supervise
C1,tumor
C1,crude
C1,veteran
C1,overly
C1,designate
C1,collision
C1,structural
C1,cluster
C1,convict
C1,infect
C1,premier
C1,snap
C1,troubled
C1,ideological
C1,suck
C1,legacy
C1,personnel
C1,supreme
C1,transit
C1,miracle
C1,violation
C1,provision
C1,tenure
C1,pop
C1,successive
C1,investigator
C1,prey
C1,remedy
C1,gig
C1,nod
C1,bureaucracy
C1,toll
C1,indictment
C1,passing
C1,dictate
C1,collaboration
C1,accordance
C1,detection
C1,escalate
C1,prejudice
C1,warehouse
C1,sheer
C1,reside
C1,reassure
C1,complexity
C1,marginal
C1,attorney
C1,accountable
C1,stir
C1,buffer
C1,imprisonment
C1,privatization
C1,propaganda
C1,scrutiny
C1,communist
C1,top
C1,academy
C1,stem
C1,logic
C1,assertion
C1,vein
C1,verdict
C1,feminist
C1,arm
C1,adaptation
C1,institutional
C1,ignorance
C1,surge
C1,texture
C1,discard
C1,shrink
C1,reminder
C1,effectiveness
C1,appreciation
C1,coastal
C1,disturbing
C1,outsider
C1,missile
C1,trace
C1,amid
C1,listing
C1,supervision
C1,allegedly
C1,spine
C1,willingness
C1,agricultural
C1,allocate
C1,correlation
C1,turnover
C1,sceptical
C1,symbolic
C1,recruitment
C1,eager
C1,accountability
C1,banner
C1,vow
C1,endeavour
C1,restraint
C1,refuge
C1,treaty
C1,encompass
C1,youngster
C1,blade
C1,hostile
C1,deprive
C1,embody
C1,presidency
C1,bless
C1,tribunal
C1,extract
C1,reflection
C1,grief
C1,reign
C1,momentum
C1,allowance
C1,say
C1,copper
C1,halfway
C1,validity
C1,fibre
C1,originate
C1,organizational
C1,neglect
C1,mutual
C1,await
C1,autonomy
C1,enforcement
C1,bench
C1,conception
C1,consecutive
C1,constitute
C1,parliamentary
C1,magnitude
C1,adoption
C1,vice
C1,seize
C1,auto
C1,pulse
C1,documentation
C1,pipeline
C1,processor
C1,confer
C1,functional
C1,ritual
C1,namely
C1,acid
C1,dispute
C1,counterpart
C1,separation
C1,applaud
C1,surgical
C1,frustrated
C1,beneficiary
C1,terminate
C1,trustee
C1,terrain
C1,partial
C1,limb
C1,harvest
C1,conceive
C1,cater
C1,gut
C1,divert
C1,swing
C1,flee
C1,aluminium
C1,rehabilitation
C1,succession
C1,diplomat
C1,prosperity
C1,alignment
C1,congregation
C1,mainstream
C1,essence
C1,interface
C1,substantially
C1,vicious
C1,statistical
C1,orientation
C1,disclose
C1,mill
C1,influential
C1,respectively
C1,march
C1,worship
C1,activist
C1,humble
C1,utility
C1,readily
C1,instrumental
C1,rape
C1,coordination
C1,spouse
C1,seemingly
C1,terminal
C1,lengthy
C1,mandatory
C1,wholly
C1,toxic
C1,spectrum
C1,superintendent
C1,solidarity
C1,kidney
C1,closure
C1,intervene
C1,postwar
C1,pregnancy
C1,warrior
C1,meaningful
C1,aluminum
C1,competence
C1,asylum
C1,intellectual
C1,endorse
C1,weaken
C1,presumably
C1,exclusion
C1,acquisition
C1,obsess
C1,depict
C1,assemble
C1,accessible
C1,sue
C1,oversee
C1,width
C1,synthesis
C1,columnist
C1,pledge
C1,deed
C1,suspicion
C1,inquire
C1,medieval
C1,jurisdiction
C1,felony
C1,lawsuit
C1,comparable
C1,discrimination
C1,pole
C1,realm
C1,vulnerable
C1,prevail
C1,deem
C1,reproduction
C1,gathering
C1,realization
C1,inequality
C1,entity
C1,dismissal
C1,portfolio
C1,behalf
C1,homeland
C1,correspond
C1,aftermath
C1,probe
C1,mature
C1,dimension
C1,saint
C1,circulate
C1,neighboring
C1,substitute
C1,decisive
C1,decisionmaking
C1,twist
C1,inadequate
C1,roster
C1,striking
C1,allegation
C1,beneath
C1,shatter
C1,compromise
C1,outlook
C1,prosecute
C1,battlefield
C1,absent
C1,glorious
C1,incarceration
C1,stimulus
C1,duo
C1,cargo
C1,unconstitutional
C1,assurance
C1,content
C2,abdomen
C2,aberration
C2,abhorrence
C2,above all
C2,above-mentioned
C2,abstain
C2,accelerate
C2,acceleration
C2,accentuate
C2,accepted
C2,accessibility
C2,accessory
C2,accredit
C2,accreditation
C2,acknowledgement
C2,acoustic
C2,acquit
C2,add up
C2,additionally
C2,adhere
C2,adore
C2,adversity
C2,advocate
C2,affordable
C2,africa
C2,after all
C2,aggregate
C2,algorithm
C2,align
C2,alleviate
C2,allot
C2,allotment
C2,alumnus
C2,ambiguous
C2,amenity
C2,amusing
C2,analogy
C2,analytical
C2,anecdote
C2,animated
C2,animation
C2,anomaly
C2,antenna
C2,antiquity
C2,any more
C2,apostle
C2,appease
C2,appetite
C2,apprehensive
C2,apprentice
C2,approx
C2,apricot
C2,archaeology
C2,archbishop
C2,armed forces
C2,artefact
C2,ashtray
C2,asphalt
C2,assimilate
C2,assumption
C2,astounding
C2,atheist
C2,atmospheric
C2,attentive
C2,attribute
C2,aubergine
C2,audio
C2,authorisation
C2,authorship
C2,awesome
C2,bandit
C2,banter
C2,baptise
C2,baptism
C2,baptist
C2,basics
C2,battalion
C2,be about
C2,bearing
C2,beetle
C2,believe in 
C2,betrayal
C2,biased
C2,bibliography
C2,bilateral
C2,bingo
C2,bitterness
C2,bleeding
C2,blog
C2,blogger
C2,borough
C2,bra
C2,brazen
C2,breakthrough
C2,brightness
C2,bring back
C2,bring in 
C2,broadband
C2,broccoli
C2,brother-in-law
C2,build up
C2,bully
C2,bum
C2,bungalow
C2,bureaucratic
C2,buying
C2,bypass
C2,calamity
C2,callous
C2,calm down
C2,camel
C2,camouflage
C2,cancellation
C2,candid
C2,cannon
C2,capital letter
C2,capitalistic
C2,cardinal
C2,catastrophe
C2,catch up
C2,cd
C2,celebrated
C2,celery
C2,cellular
C2,certification
C2,challenging
C2,charitable
C2,chess
C2,childcare
C2,childish
C2,chronic
C2,chronicle
C2,clandestine
C2,claw
C2,clean up
C2,cleanliness
C2,climate change
C2,cock
C2,cod
C2,collaborative
C2,collaborator
C2,collide
C2,come across
C2,come back
C2,come on
C2,come out
C2,come round
C2,come up
C2,comfortably
C2,commemorate
C2,commence
C2,committed
C2,compatible
C2,compensate
C2,competitiveness
C2,compilation
C2,complacent
C2,compliment
C2,comprehend
C2,comrade
C2,con
C2,condemn
C2,confidentiality
C2,configure
C2,confiscation
C2,connected
C2,conquest
C2,consciously
C2,consensus
C2,consent
C2,console
C2,consultancy
C2,contamination
C2,contradict
C2,convene
C2,cordial
C2,cosmopolitan
C2,counteract
C2,courageous
C2,coursework
C2,craftsman
C2,crap
C2,creativity
C2,creator
C2,credit
C2,criminality
C2,critically
C2,crooked
C2,crow
C2,crucial
C2,crumb
C2,cue
C2,culinary
C2,cumbersome
C2,cumulative
C2,cunning
C2,cycling
C2,cynical
C2,daft
C2,daughter-in-law
C2,dealings
C2,debase
C2,debatable
C2,dedicated
C2,dedication
C2,deduce
C2,deduction
C2,deepen
C2,deference
C2,demeanour
C2,demo
C2,demure
C2,denominate
C2,deployment
C2,derive
C2,designation
C2,destine
C2,detachment
C2,detest
C2,deviation
C2,diagnostic
C2,dialect
C2,dictator
C2,dictatorship
C2,didactic
C2,dignified
C2,dignity
C2,diligent
C2,diligently
C2,diocese
C2,diplomacy
C2,disadvantaged
C2,disappearance
C2,disassemble
C2,discern
C2,disciple
C2,disconnect
C2,discrete
C2,discretion
C2,disgusting
C2,dispense
C2,disregard
C2,disseminate
C2,dissertation
C2,dissolution
C2,distinct
C2,distraction
C2,distribute
C2,ditch
C2,divulge
C2,do up
C2,do without
C2,dodge
C2,domicile
C2,dominate
C2,donkey
C2,dove
C2,drastic
C2,dynasty
C2,embrace
C2,empathy
C2,empower
C2,end up
C2,endurance
C2,energetic
C2,engender
C2,englishman
C2,enhancement
C2,enrich
C2,enthusiast
C2,entirety
C2,entrepreneurship
C2,epoch
C2,equate
C2,erotic
C2,err
C2,erratic
C2,eternity
C2,ethic
C2,every other
C2,evoke
C2,exaggeration
C2,excavation
C2,excellence
C2,exclamation mark
C2,exclude
C2,excursion
C2,excuse me
C2,exemplary
C2,exorbitant
C2,expressly
C2,expulsion
C2,extraction
C2,fabricate
C2,facade
C2,facilitation
C2,fairy tale
C2,fall asleep
C2,fall out
C2,fall over
C2,fart
C2,fascism
C2,fascist
C2,fatality
C2,father-in-law
C2,fathom
C2,feature
C2,fellowship
C2,feral
C2,ferment
C2,festive
C2,fill up
C2,filthy
C2,find out
C2,finish up
C2,fleeting
C2,fluctuation
C2,folder
C2,font
C2,footage
C2,forefront
C2,forestall
C2,forgiveness
C2,foul
C2,fragrance
C2,frank
C2,frosty
C2,frustrating
C2,fulfilment
C2,fungus
C2,furnace
C2,garnish
C2,gateway
C2,gem
C2,generic
C2,genetically
C2,genocide
C2,get on
C2,get round
C2,gigantic
C2,give birth
C2,gladly
C2,glaze
C2,global warming
C2,go ahead
C2,go over
C2,goodnight
C2,governance
C2,graceful
C2,grandparents
C2,granny
C2,grapefruit
C2,gratuitous
C2,graveyard
C2,gravy
C2,gregarious
C2,grove
C2,gulf
C2,habitual
C2,hack
C2,hairdresser
C2,hairy
C2,hand out
C2,hand over
C2,hard-working
C2,hare
C2,hasten
C2,haughty
C2,have sex
C2,have to
C2,hazardous
C2,healing
C2,hear from
C2,hear of
C2,heated
C2,heater
C2,heavenly
C2,help out
C2,henceforth
C2,hideaway
C2,hierarchy
C2,hoard
C2,homosexuality
C2,honorary
C2,hoof
C2,hopeless
C2,hospitable
C2,how much
C2,humanitarian
C2,hunter
C2,hurriedly
C2,hygiene
C2,hypocrisy
C2,icon
C2,identical
C2,idol
C2,if only
C2,ignorant
C2,imbalance
C2,impeccable
C2,impede
C2,imperialism
C2,impertinent
C2,in charge
C2,inaugurate
C2,inauguration
C2,incidentally
C2,inclination
C2,inclusive
C2,incompatible
C2,inconvenience
C2,inconvenient
C2,indifference
C2,individuality
C2,induction
C2,inevitable
C2,informative
C2,informed
C2,injustice
C2,innumerable
C2,inscription
C2,insignificant
C2,inspiring
C2,interest rate
C2,internally
C2,internationally
C2,interpret
C2,interpreter
C2,interrogation
C2,intersection
C2,intractable
C2,introductory
C2,intuition
C2,invoice
C2,ironic
C2,irregular
C2,irritation
C2,jealousy
C2,jelly
C2,jogging
C2,jointly
C2,jolly
C2,journalistic
C2,jubilant
C2,justifiable
C2,kangaroo
C2,keep on
C2,keep up
C2,kidnap
C2,kidnapping
C2,kilo
C2,kiosk
C2,knob
C2,landmark
C2,lantern
C2,last night
C2,lasting
C2,lastly
C2,launder
C2,leave out
C2,leek
C2,legality
C2,legislation
C2,legislator
C2,legitimacy
C2,let down
C2,let off
C2,lever
C2,levy
C2,licence
C2,liquidate
C2,literal
C2,lithe
C2,loneliness
C2,longing
C2,long-lasting
C2,look into
C2,look up
C2,luckily
C2,ludicrous
C2,luminous
C2,lust
C2,luxurious
C2,lyric
C2,madness
C2,mafia
C2,magical
C2,mail box
C2,make into
C2,make love
C2,malicious
C2,managerial
C2,manipulate
C2,man-made
C2,manoeuvre
C2,mapping
C2,margarine
C2,maritime
C2,marker
C2,marking
C2,masculine
C2,mask
C2,massacre
C2,mast
C2,masterpiece
C2,maternal
C2,mayonnaise
C2,meaningless
C2,mechanism
C2,meet with
C2,membrane
C2,mentor
C2,mess around
C2,mess up
C2,messenger
C2,messy
C2,metallic
C2,metamorphosis
C2,metropolis
C2,migrate
C2,milestone
C2,millennium
C2,ministerial
C2,misfortune
C2,misty
C2,misunderstanding
C2,mobilise
C2,mock
C2,moist
C2,momentous
C2,mortal
C2,mother-in-law
C2,moustache
C2,move out
C2,multitude
C2,mystic
C2,na?ve
C2,nadir
C2,naive
C2,name after
C2,nascent
C2,naughty
C2,navigate
C2,nazi
C2,negate
C2,negatively
C2,networking
C2,never mind
C2,new year
C2,nibble
C2,noble
C2,non-existent
C2,not bad
C2,notification
C2,notorious
C2,notwithstanding
C2,nought
C2,novelty
C2,nuance
C2,obligatory
C2,oblige
C2,oblivious
C2,observance
C2,obsession
C2,obsolete
C2,obtainable
C2,occupational
C2,olive oil
C2,oneself
C2,onset
C2,openness
C2,oppression
C2,optics
C2,optimal
C2,orphan
C2,outing
C2,overcome
C2,overdo
C2,overthrow
C2,packaging
C2,packed
C2,pact
C2,painter
C2,panacea
C2,panic
C2,paperback
C2,paradox
C2,pathetic
C2,pathology
C2,pathway
C2,patiently
C2,pedagogical
C2,pending
C2,penguin
C2,peninsula
C2,perceive
C2,perpetrator
C2,persecute
C2,persecution
C2,pessimistic
C2,petrify
C2,petroleum
C2,pharmaceutical
C2,phrasal verb
C2,picturesque
C2,pinch
C2,pineapple
C2,pique
C2,pirate
C2,plateau
C2,platitude
C2,plethora
C2,poetic
C2,pointer
C2,ponder
C2,portal
C2,postulate
C2,prat
C2,precondition
C2,preferably
C2,premiere
C2,premise
C2,prerequisite
C2,prestige
C2,prestigious
C2,preventive
C2,preview
C2,private life 
C2,privatisation
C2,proceed
C2,proclivity
C2,procrastinate
C2,procurement
C2,prognostication
C2,progression
C2,prohibit
C2,prohibition
C2,prohibitive
C2,proliferation
C2,promotional
C2,promptly
C2,prophet
C2,prosper
C2,prostitute
C2,protagonist
C2,protectorate
C2,provided
C2,provisional
C2,proximity
C2,psychic
C2,publicise
C2,puppy
C2,purposeful
C2,qualitative
C2,quarterly
C2,questioning
C2,radiator
C2,radically
C2,radius
C2,raspberry
C2,readiness
C2,real
C2,received
C2,recreate
C2,rectangle
C2,rector
C2,rediscover
C2,redo
C2,refinement
C2,refreshment
C2,refurbish
C2,refurbishment
C2,reinforce
C2,reiterate
C2,remit
C2,renewable
C2,renovate
C2,renovation
C2,renowned
C2,respected
C2,restrict
C2,restructuring
C2,revoke
C2,rewarding
C2,riddle
C2,rite
C2,robust
C2,rotate
C2,rule out
C2,rupture
C2,safeguard
C2,sailing
C2,salient
C2,sandal
C2,sanitary
C2,saviour
C2,scenario
C2,scenery
C2,scientifically
C2,scold
C2,scout
C2,sculpture
C2,second-hand
C2,seek
C2,seizure
C2,self-government
C2,sell
C2,selling
C2,sender
C2,sensational
C2,sensor
C2,sequential
C2,serenity
C2,setup
C2,shark
C2,sheath
C2,shipping
C2,shooting
C2,short-term
C2,show
C2,shuffle
C2,shut
C2,signing
C2,simplification
C2,simulation
C2,simultaneous
C2,sincerity
C2,singing
C2,singular
C2,sister-in-law
C2,skinny
C2,slander
C2,slaughter
C2,slavery
C2,slipper
C2,snooker
C2,sober
C2,solemn
C2,solitary
C2,solitude
C2,son-in-law
C2,sow
C2,soya
C2,sparrow
C2,speaking
C2,specialisation
C2,specialised
C2,specificity
C2,speck
C2,sperm
C2,spirits
C2,sporadic
C2,sporting
C2,sporty
C2,sprain
C2,squander
C2,stand
C2,starvation
C2,starving
C2,stately
C2,stepdaughter
C2,stepfather
C2,stepmother
C2,stepson
C2,stigma
C2,stimulate
C2,stipulate
C2,stock
C2,stormy
C2,straddle
C2,stringent
C2,stronghold
C2,stubborn
C2,stupidity
C2,subordinate
C2,subscribe
C2,subscription
C2,subsistence
C2,sufferer
C2,suffice
C2,summons
C2,sunglasses
C2,superficial
C2,superfluous
C2,superiority
C2,supernatural
C2,surpass
C2,surveillance
C2,susceptible
C2,sustainability
C2,sustainable
C2,sweatshirt
C2,sweaty
C2,swede
C2,swedish
C2,sweetcorn
C2,sweetheart
C2,sweetness
C2,swimming
C2,swiss
C2,synthetic
C2,tab
C2,table
C2,taboo
C2,tact
C2,tactical
C2,talented
C2,tangible
C2,tantamount
C2,tasteless
C2,tasty
C2,teddy
C2,teeming
C2,temporal
C2,tenderness
C2,termination
C2,terminology
C2,terrace
C2,terrestrial
C2,testament
C2,testimonial
C2,thankful
C2,thematic
C2,thence
C2,theologian
C2,theological
C2,theoretically
C2,therapeutic
C2,thickness
C2,thinker
C2,threatening
C2,throw
C2,tint
C2,tiredness
C2,tits
C2,torment
C2,totalitarian
C2,tracksuit
C2,trafficking
C2,trailer
C2,traitor
C2,trajectory
C2,tranquil
C2,transcribe
C2,transparency
C2,trauma
C2,treatise
C2,tribune
C2,tributary
C2,trifle
C2,trivial
C2,troll
C2,troublesome
C2,tuna
C2,twelfth
C2,ukrainian
C2,ultimate
C2,unanimously
C2,unavoidable
C2,unchanged
C2,underestimate
C2,underlie
C2,underway
C2,undoubted
C2,unequivocal
C2,unequivocally
C2,uneven
C2,unexpectedly
C2,unfaithful
C2,unfaithfulness
C2,unified
C2,uninteresting
C2,unitary
C2,unlimited
C2,unlock
C2,unlucky
C2,unmarried
C2,unrest
C2,unsure
C2,unthinkable
C2,uphill
C2,uprising
C2,uranium
C2,usable
C2,usefulness
C2,utensil
C2,utmost
C2,utopia
C2,vacancy
C2,vain
C2,valid
C2,validate
C2,validation
C2,vanquish
C2,variant
C2,vat
C2,vatican
C2,veil
C2,velleity
C2,venerable
C2,veranda
C2,verification
C2,versatile
C2,vet
C2,veto
C2,vice-president
C2,vicinity
C2,vicissitude
C2,victorious
C2,vile
C2,villa
C2,visualise
C2,visually
C2,vodka
C2,volatile
C2,voluntarily
C2,w
C2,wager
C2,wallpaper
C2,wanted
C2,warmly
C2,wash up
C2,washroom
C2,wasp
C2,watch out
C2,weakly
C2,whereabouts
C2,whim
C2,whine
C2,wicked
C2,willingly
C2,wingspan
C2,withstand
C2,womb
C2,wonderfully
C2,wording
C2,work out 
C2,worldly
C2,worn out 
C2,wreck
C2,wrestle
C2,wrinkle
C2,xenophobia
C2,yoga
C2,zeal
C2,zealous
C2,zenith
